2.0,-0.10147821,0.21380065,1.0,0.21004955,0.098469496,0.4065266,0.10473778,0.026560949900793652,0.021074540777873425,0.08837890625,0.026560949900793652,1263.7445194136385,448.7658011314987,3415.632471320713,634.1443869557859,2877.9761904761904,1047.1973974328102,5992.1875,882.8125,1587.016617895088,266.1036181465519,2380.320474074076,1108.1677285626163,-127.758995,58.99701,-20.557096,103.08479,30.41283,151.17581,5.87736,17.205841,53.2117,29.330194,16.081892,68.00478,-14.20004,17.54525,11.353671,-1.5309556,14.842591,27.370209,-14.415684,16.25139,34.569458,-8.065803,16.114494,15.577412,2.1842346,8.903803,22.758476,-3.505536,9.10299,14.035675,1.6086574,8.363127,19.02982,-1.2095561,9.815901,18.214403,-5.905943,7.1728415,9.455888,0.33568233,sad
2.0,-0.11286249,0.1475659,1.0,0.17920056,0.043581095,0.26799116,0.11062126,0.059004526289682536,0.04558845982393899,0.16357421875,0.059004526289682536,1282.851415063667,366.1890948211602,2230.1052982108013,729.2583914676661,2452.876984126984,745.2480602128552,4210.9375,890.625,1382.5638931665846,219.94160855165117,1836.1619297453683,960.6970713540825,-109.911644,60.749317,-0.9505857,109.635216,27.520266,167.89447,-25.958754,27.00451,16.921955,24.923677,18.999702,53.784317,-19.840984,15.157241,6.6802125,-5.434693,11.582134,27.642517,-8.247594,5.55441,3.5087261,4.0670033,9.6956415,28.508987,-3.3037534,8.879018,19.958004,0.4292936,7.348632,15.043546,3.4430566,7.7497706,22.866617,-1.8845133,7.1660466,13.323214,-1.887987,6.870752,16.235691,0.3372051,happy
3.0,-0.098193735,0.13064024,1.0,0.15601614,0.04687459,0.26054478,0.0758103,0.02992021276595745,0.023796673826328954,0.10986328125,0.02992021276595745,1126.0900071835551,206.2809333652163,1713.437185670202,752.6811874668042,2285.405585106383,548.65390542753,3695.3125,1164.0625,1388.2943592224733,251.09969565801148,2157.947972585264,843.0777542594458,-144.12283,60.802876,-50.84866,118.04911,21.05002,170.41655,-22.208452,25.002205,32.557625,21.079653,23.884165,67.05,-14.320966,12.660561,10.8803005,-7.616687,16.370394,20.240349,-5.5787125,7.927023,14.46216,1.9148808,7.259201,18.290552,-0.27718374,9.526537,23.627506,4.2016788,7.2512784,22.14797,3.7924843,8.019237,23.068623,-1.4748454,7.313328,12.0627365,-2.4495115,6.0702753,12.258433,0.35484433,happy
3.0,8.270728e-05,0.23854244,1.0,0.22129379,0.08666904,0.38301206,0.009692286,0.09610310006648937,0.033121284601609464,0.19287109375,0.09610310006648937,1530.933223366806,435.34509411453143,2899.1388603037485,727.3347203154784,3037.566489361702,1194.3980717529744,6851.5625,1046.875,1490.926856837927,408.0014741793333,2839.082154611615,819.1430971090043,-115.78996,76.95526,12.648469,96.23676,33.367798,180.47412,-22.918476,36.453945,51.19847,14.328063,20.925158,62.852554,-24.102066,18.314259,29.205425,-10.253176,23.303896,56.38057,-13.841882,12.711744,19.161705,-1.5512323,13.733771,22.834942,1.9587917,15.492503,29.07405,-2.539258,11.246567,19.701117,-2.358042,11.232672,25.960651,-6.080679,15.857549,39.846275,6.7704444,18.016996,51.464706,0.24091816,happy
3.0,-0.11292163,0.19540541,1.0,0.21678351,0.05796246,0.31704634,0.11231547,0.04309861203457447,0.024236720378626633,0.10205078125,0.04309861203457447,1113.0206872884833,262.68995442484027,2020.9463891170935,748.3792516261176,2106.1336436170213,739.2398506677301,4765.625,1164.0625,1286.864515585826,265.7112462844149,2227.8779133734356,924.6007288437431,-99.39766,43.09471,-19.177391,129.63055,22.709322,164.60098,-25.674927,24.020395,30.09665,12.352917,16.212631,60.732025,-25.630264,16.857166,10.957109,-0.2124135,15.54557,46.480606,-10.105881,12.264513,21.918415,0.12038787,7.2282047,15.414286,5.174487,11.185382,36.117226,1.5314169,10.326736,26.522877,-2.1174488,7.336173,18.836136,3.3941867,8.351667,35.27205,-2.0356128,7.286465,14.534736,0.30506042,happy
2.0,0.0001835061,0.19878346,1.0,0.15452151,0.119351014,0.364055,0.028259236,0.09477306547619048,0.05317315906478741,0.21630859375,0.09477306547619048,1551.341481181542,510.72252584836554,2583.810128305743,733.1005801276511,3226.438492063492,1158.5698822514019,5625.0,1078.125,1663.3161511959524,271.27521681831337,2466.7705162444663,1247.0677779900768,-138.45964,91.05935,-5.700069,97.40009,29.476355,148.56967,4.6096587,23.499647,54.822193,25.658455,23.580757,61.682373,-12.167651,31.88325,41.09542,14.054041,15.268815,44.938217,-7.038203,12.323791,11.783973,10.171366,12.4297495,35.277283,1.3807964,8.525463,18.66025,4.332005,11.9962435,31.558508,-1.5056776,11.98396,26.17141,1.4950526,9.233261,21.483368,3.0610597,10.575186,27.275505,0.4158152,happy
3.0,-3.8382525e-05,0.15865418,1.0,0.10731626,0.11655154,0.47931805,0.014195481,0.056344539561170214,0.038115642217803676,0.2373046875,0.056344539561170214,939.7952455864522,335.3040292708799,3370.390148239828,587.2309338469593,1392.6196808510638,982.111188811698,6726.5625,664.0625,1459.8894488270703,303.0681526298106,2902.266959808268,856.2663093223096,-245.5277,81.0983,-57.526894,135.25757,19.353434,173.66806,48.58126,24.55919,96.54489,16.377712,13.976274,34.421455,1.6567792,12.991215,18.279774,-14.8939,13.663098,2.1861887,-23.018179,9.967551,-8.638109,-5.554204,7.806144,9.654129,-4.475856,10.244403,24.68343,-2.0790021,4.379936,12.062365,-5.962456,5.513726,3.2330182,-6.3459754,6.7830453,7.149166,-4.1725416,5.777298,12.554652,0.35206163,sad
2.0,-0.00025441678,0.28541124,1.0,0.2699959,0.08893947,0.40751445,0.012490261,0.0669797867063492,0.028993622582665288,0.14404296875,0.0669797867063492,1096.3697671766163,490.78497262514446,3225.086053542238,416.71903158064447,1989.0873015873017,1624.711142959879,6773.4375,515.625,1496.0719331234243,493.6656129388755,2875.8982266885,634.1407254519737,-166.85005,66.68685,-68.21415,121.82098,27.818481,184.80884,33.194572,24.23227,86.436584,1.1511047,18.6221,39.282055,-11.08599,14.369519,30.255,-23.08359,16.350338,1.3438292,-27.983385,10.065116,-9.286915,-14.632227,8.682733,5.945753,-5.026791,12.035713,27.310486,-6.301388,7.2157426,5.6033893,-1.3539587,10.008031,24.303673,-15.937923,7.9235435,3.4447412,-2.9868078,8.381098,11.81845,0.20713362,sad
3.0,-0.0001464286,0.27362445,1.0,0.26856005,0.042055417,0.38199997,0.13629146,0.06563227227393617,0.017136738941576052,0.11767578125,0.06563227227393617,1295.3697986567183,334.87215597497806,2174.2017592832563,590.6392267487511,2698.969414893617,897.0051762942029,4781.25,460.9375,1389.3814734463756,225.5444601763093,2001.7256553876816,934.9419276378972,-103.66775,52.67091,12.175119,109.2203,21.25142,155.71786,-8.723262,25.80758,52.3816,46.89649,27.309507,97.57618,-18.381832,14.8582535,17.972977,-1.6428617,14.201424,35.541107,-16.542152,13.143221,18.485989,7.8448176,10.081859,27.020287,-8.942254,15.395448,22.149235,9.607974,7.592115,27.943077,4.717591,10.654959,31.33126,-14.620896,8.295544,3.085828,4.1357517,9.700332,27.512722,0.20896961,happy
3.0,-2.2661581e-05,0.20199303,1.0,0.18231991,0.08442151,0.3229303,0.016612655,0.10767121010638298,0.04690543977031794,0.24267578125,0.10767121010638298,1565.0184945736864,448.87719670841506,2692.730875923172,462.86154665816247,2953.7898936170213,918.659491120578,6109.375,375.0,1432.8342450108646,264.9929003759463,2522.7912254050693,910.8901536528273,-122.92909,87.54811,26.385477,94.78837,31.790668,164.4966,-22.803696,32.686913,64.00745,33.109753,26.284489,79.28387,-26.525612,19.445198,22.632713,0.33238354,25.927639,63.256584,-4.062425,10.668636,28.805504,1.7224896,12.092722,25.66964,2.3957522,9.568835,22.555012,3.3627856,12.087184,39.22963,-3.893886,12.27279,18.621628,-3.0880566,13.326516,33.85688,-1.17977,14.5181,43.870995,0.31373724,happy
3.0,-0.00015850179,0.14964032,1.0,0.1298249,0.07118374,0.29450765,0.019671293,0.07687312998670212,0.03226766387255234,0.15283203125,0.07687312998670212,1299.091379413484,566.461648647038,3454.5224427149155,600.8560978374665,2581.2001329787236,1383.9015472815013,7007.8125,710.9375,1391.949379900668,420.0997170319547,2849.4921370035895,773.2667028789978,-185.06987,76.242165,-10.269701,117.667305,37.319103,195.35797,-4.2075853,31.448639,63.536217,36.401836,27.044981,91.78609,-12.633405,20.453026,28.46143,-10.392663,17.091297,32.487114,-12.945608,10.198236,9.413106,0.786045,11.590788,27.737034,-4.0894246,14.981994,39.254677,-4.656339,8.794563,12.925026,3.0237556,10.119147,30.682457,-15.533041,11.674148,7.6888638,2.0191514,10.097118,23.742523,0.28736192,happy
2.0,-0.035116773,0.39119264,1.0,0.3694696,0.12834203,0.63707566,0.03233,0.10494171626984126,0.058726217807824714,0.30615234375,0.10494171626984126,1495.8287250100082,568.0760083722529,3553.619128138009,659.6438856635968,2863.219246031746,1257.1964479405801,5867.1875,1109.375,1380.716614782466,369.46406881334883,2390.2464898573653,920.7465685252051,-49.75039,53.91436,29.181053,108.621086,29.57685,168.5796,-36.992718,28.168,28.019323,23.084461,20.852076,68.43872,-32.36203,12.629457,1.5303677,1.6321354,14.419727,35.16852,-31.512445,10.606397,-4.665472,13.772431,13.476509,35.29223,-11.814002,10.3478775,7.847096,12.024974,12.962582,41.80576,-4.748102,11.743659,20.231401,-2.652898,11.877302,23.004883,6.1759725,7.3755536,20.550426,0.25345132,neutral
2.0,-0.12834147,0.1509027,1.0,0.19130939,0.044972938,0.292889,0.11612116,0.04778955853174603,0.026362377744112993,0.11962890625,0.04778955853174603,1262.152536816681,181.72077174301245,1704.0109341304587,869.6142580277739,2470.8581349206347,624.2899711124162,5031.25,1460.9375,1350.7273905224233,288.925214187954,2294.682316396578,1002.4964891216471,-101.32439,39.3296,-15.27229,114.60924,15.085436,144.62663,-42.73228,29.21797,12.757004,21.775423,16.75885,58.396492,-11.768466,12.740287,14.282347,-5.899635,14.970271,24.400528,-10.722404,9.491332,6.3507466,3.659064,9.068157,21.095001,2.9364731,10.027585,27.086422,7.5971303,6.507733,25.083527,3.5114799,5.3670516,17.030968,2.626839,6.0726185,16.772167,4.0135884,5.8488646,16.88013,0.30669698,happy
3.0,-0.13752352,0.14940952,1.0,0.19700454,0.04567094,0.30780447,0.11644353,0.03765479554521277,0.027496177989077622,0.11083984375,0.03765479554521277,1195.3570542527666,236.9566293695443,2039.4752527274454,834.4859063411227,2374.251994680851,548.5774095236741,4968.75,1343.75,1386.9937252235225,201.3825225897985,2192.492151140401,1030.2664925507195,-112.90372,45.618298,-10.494704,111.9573,18.580952,150.52759,-27.996897,21.610693,11.333948,23.290226,15.565417,63.648,-12.752539,12.59083,12.3726845,-5.0013514,14.178179,28.729698,-9.249389,8.258622,7.322068,3.7213187,9.028704,26.556328,-3.4331737,8.480036,10.664188,2.996197,6.4216204,17.06599,3.4209912,6.97648,23.029076,-2.597,6.484199,9.341164,-0.9318363,6.4726205,12.938597,0.30691433,happy
3.0,-0.13001002,0.12084539,1.0,0.17124304,0.044147063,0.3523028,0.09755978,0.03775349069148936,0.026872294804256118,0.095703125,0.03775349069148936,1566.201302774229,546.3620676168259,3984.7825300371233,898.2476440473522,3162.898936170213,1250.2472107643891,6773.4375,1375.0,1676.9201870530155,367.3671913727614,2898.892619471318,1043.0994968829136,-113.147316,55.502914,-7.340949,85.89217,26.542927,144.45042,-20.62576,28.094048,49.78047,17.342354,25.053886,69.65288,-9.127823,15.078558,26.431152,-1.083919,19.777277,40.050182,0.23985146,9.495018,24.771828,3.397306,7.8185363,17.766245,0.53697264,10.477271,17.33487,2.677115,5.351176,15.961546,-1.2260032,10.465902,19.601467,1.0793788,7.7156935,17.592575,0.23921558,6.374783,12.792607,0.4154553,happy
2.0,-0.111286856,0.17283171,1.0,0.195479,0.058679704,0.35127515,0.08625964,0.05990358382936508,0.03614787312028839,0.12548828125,0.05990358382936508,1266.8102613893284,282.53214811287825,2045.1049986787173,805.9650454084824,2409.970238095238,637.8603982307525,4429.6875,1101.5625,1342.1920180133743,220.03514926989396,2080.7743893938505,989.5556568379887,-109.93882,56.180637,-23.178059,110.37103,21.514153,155.66084,-38.631588,29.105215,2.5188334,21.669203,18.64237,57.232414,-14.532248,12.206727,28.20274,0.3532117,13.310917,27.802013,-3.0169933,7.230469,9.893534,0.6078604,11.245649,22.259293,0.27882922,9.538559,25.486025,2.559776,5.815648,13.413993,6.316138,6.7214575,21.609018,-3.5569375,6.814273,13.592176,1.6242644,6.8483562,12.802139,0.3107661,happy
2.0,1.4089796e-05,0.20310496,1.0,0.17530465,0.09711307,0.49860713,0.041555353,0.12820870535714285,0.05944093657211589,0.349609375,0.12820870535714285,1771.7410364378686,509.96934374970425,3815.6998922649072,1063.907486090052,3400.2976190476193,1042.8654878783857,7031.25,1968.75,1650.3479416466482,298.3180210634316,2747.890017183662,1196.5282531322034,-102.83582,58.607647,30.17203,80.020546,23.328518,133.5313,-19.819,26.298964,43.42856,9.443218,19.28816,48.323757,-17.141031,12.835789,19.814064,-12.873553,21.435854,41.44714,-10.841906,12.147367,14.0662155,-4.1621423,13.114702,22.790985,9.312644,19.530346,61.166313,12.780397,22.417013,71.701706,2.8023233,20.220953,51.463795,6.922326,15.118316,44.563835,-0.13994986,20.127485,54.554512,0.29193795,happy
2.0,-0.11620848,0.14656761,1.0,0.17760904,0.054937962,0.32724488,0.07935315,0.04355003720238095,0.03139086954171946,0.11669921875,0.04355003720238095,1357.8618888305095,310.94686393478196,2132.012897012372,724.5431756144126,2595.4861111111113,722.7883827138253,5585.9375,1070.3125,1410.4035619110803,284.3333701866357,2414.1621344982027,940.0445025823003,-114.19562,55.13712,-12.277925,105.26979,23.827673,158.09988,-35.567856,26.159609,7.8693323,30.659521,20.391836,62.979786,-9.394566,11.01084,15.713267,-13.8182745,11.583627,11.054038,-4.5534635,9.07451,11.819278,2.8789506,8.804481,16.085379,-1.7426864,8.47852,17.850016,4.609775,6.456249,23.057987,4.5807366,7.76281,23.735094,0.8773871,8.247173,20.756733,-0.825708,5.2563944,11.316956,0.36709538,happy
2.0,-0.00014320466,0.1764265,1.0,0.1328411,0.11501179,0.41994262,0.009512413,0.06656125992063493,0.05136726599189695,0.27685546875,0.06656125992063493,1022.6307250279247,695.6202817958283,4623.2376468486145,534.251428424212,1446.8005952380952,1435.1465440967622,6968.75,570.3125,1412.4889405013041,377.9970907567846,2704.2378847380637,785.1509286719248,-235.41614,88.725,-53.76606,133.05182,28.448978,180.7042,45.143467,23.666351,103.159515,14.328098,22.9513,50.19597,-1.0832657,14.863105,31.604828,-14.758006,12.247074,12.423719,-18.95702,9.727417,3.841612,-7.1051064,9.613447,28.49751,-5.529331,11.554212,23.255482,-1.0404392,7.8825803,12.643482,-4.051764,6.663743,16.403702,-8.617848,9.027073,5.9542484,-3.0152392,6.842809,18.995134,0.33163658,sad
3.0,-6.82633e-05,0.22210456,1.0,0.2064029,0.07871374,0.3633935,0.011865807,0.104736328125,0.05127545509010976,0.2568359375,0.104736328125,1868.5905542097494,528.2233505271296,2970.069086064052,743.3284142287862,3721.5757978723404,909.3191128487565,6382.8125,1148.4375,1722.8786990661697,245.96303988698693,2628.6906086286326,1106.334553724566,-132.25499,77.806526,1.3873653,62.050396,32.877,134.241,7.240996,26.311506,63.835625,43.315174,18.456064,81.46188,-27.118816,16.978006,11.562029,-16.288637,13.515787,22.08782,-9.013223,9.906838,14.27039,-3.4114993,9.306268,17.0625,-12.555111,16.128927,27.9659,2.2495675,8.795875,19.617672,-1.90593,10.378352,33.65487,-9.13894,17.184809,41.98961,7.5261908,16.29528,47.807148,0.23178193,happy
3.0,0.00027203417,0.16777676,1.0,0.14236106,0.086854,0.31734058,0.02740719,0.05472905585106383,0.037962044704188076,0.17138671875,0.05472905585106383,999.7740400287414,514.5434016043764,3587.639811554668,359.9975984474089,1752.8257978723404,1288.8432936723962,6679.6875,250.0,1334.8627138084296,381.0722932068295,2741.485071471404,843.5305903616479,-199.99022,118.74102,-13.494882,132.58507,30.811378,188.28308,15.627183,34.32031,84.97063,17.99221,22.399033,56.109646,7.344657,21.547821,42.626656,3.8928306,22.214079,45.174583,1.1009604,14.74875,30.257761,0.4477668,9.998461,22.61227,7.7965107,10.105052,26.781635,3.8756473,7.5277157,22.89354,-1.0337166,8.22867,21.208818,0.9372056,8.848937,18.763794,-7.19716,6.8666124,11.301541,0.34594136,happy
3.0,-0.03523653,0.35187912,1.0,0.30801824,0.17027824,0.5685896,0.032312974,0.06067154255319149,0.04113405739129824,0.181640625,0.06067154255319149,1209.9771102098669,368.19386040963553,2841.7458281044387,731.9867126203211,2509.059175531915,935.5707259787628,5648.4375,1148.4375,1307.533645057806,287.9100084007518,2298.600438753444,777.1503677556449,-116.5743,99.09788,66.89176,114.90447,25.703547,175.49744,-23.945456,23.616508,25.289467,19.166393,19.427809,52.826263,-26.307583,22.858095,24.389673,-1.9558384,14.275126,44.499863,-20.468702,14.3134,9.116822,5.32591,12.492063,45.666756,-12.62822,15.731388,19.821274,3.3871531,8.771775,25.456394,-6.9149027,9.515247,12.15556,-3.6082573,12.683568,28.37144,4.220642,15.125462,42.266327,0.29419416,neutral
2.0,-0.00023592918,0.15142308,1.0,0.12990104,0.07660572,0.2871032,0.007576229,0.10827442956349206,0.04549345753590896,0.27783203125,0.10827442956349206,1782.0680145471274,436.58868868474485,2742.4555232773746,914.7937864674607,3723.090277777778,1020.8454598877514,5671.875,1523.4375,1728.3246645558966,300.63945463194204,2526.0320334647818,1170.7584576646912,-168.10818,85.885445,-41.21924,77.62468,26.031124,131.12003,3.9897177,32.22259,80.56474,32.09632,24.553062,73.941826,-23.297579,23.595888,23.149708,-6.3481445,14.495861,22.898708,-15.545005,11.663339,4.723871,3.1348336,14.303809,34.18443,0.5147689,15.910683,32.94184,-0.2250275,12.190333,23.619902,-1.4107405,13.996321,25.277931,-6.7607703,11.290482,16.348616,3.274305,8.256924,22.635834,0.2867622,happy
2.0,-0.089734584,0.14478375,1.0,0.15779711,0.06010791,0.30912074,0.04708541,0.046688988095238096,0.035663735476319486,0.13037109375,0.046688988095238096,1243.7821565139952,204.58985842063038,2169.6856178309313,879.7791822613332,2359.499007936508,788.8893512674401,6085.9375,1218.75,1429.3432005774036,309.2489517160113,2635.3300053402686,934.0646958192898,-137.56064,54.755592,-47.66401,109.90626,16.36697,150.08264,-30.376991,29.78676,47.24061,-0.8435613,22.654549,45.756676,-13.020534,16.611551,20.922775,5.8460855,15.411117,31.713196,-1.9760801,7.1029825,13.420277,-4.1501226,10.968795,14.568491,7.7979774,16.994087,54.771378,4.279259,10.545429,33.11279,1.1668491,12.018018,36.49537,4.8526783,12.635899,41.589943,-1.5082631,13.381828,34.80365,0.3208047,happy
3.0,-0.12636234,0.15857433,1.0,0.19475102,0.05321117,0.34017003,0.12526579,0.042947972074468085,0.027263852985525076,0.1103515625,0.042947972074468085,1161.970456877049,190.6965070910234,1575.2777652914735,835.4744732213682,2272.5232712765956,417.30349222081094,2820.3125,1210.9375,1292.719208487953,168.34596079407635,1759.5815357099373,894.1742011032883,-114.6511,46.271034,-20.550617,120.906845,15.335323,166.08911,-36.252987,23.982246,13.135566,27.950287,18.583609,56.647446,-13.868136,10.225863,12.45505,-12.847777,13.127912,24.72638,-9.349484,9.01012,16.137716,2.2711315,8.679643,20.981325,-1.3428017,10.507949,28.752102,7.023965,6.582657,22.25597,5.9989104,6.854606,19.67977,-0.96307373,5.424169,13.378687,1.1028831,6.3111773,18.363445,0.32182372,happy
3.0,-0.11817866,0.14199,1.0,0.17738754,0.04902066,0.32533967,0.11124621,0.042173994348404256,0.028438195399352717,0.1201171875,0.042173994348404256,1321.797553128296,294.6359561740593,2055.424523214625,798.6591411508375,2556.848404255319,665.8176549489624,5304.6875,1382.8125,1404.7488006837384,259.1187084226487,2369.8966726045583,915.3042572096538,-111.823524,46.452385,-15.104764,108.13597,22.94557,161.9909,-32.942665,25.730476,10.758725,30.117002,20.364735,67.25761,-11.375208,12.592533,16.25209,-10.543168,11.73512,11.630827,-6.8415675,9.01483,12.4697695,1.4568679,8.524111,16.55201,-3.3665495,9.242337,14.0251045,4.2951365,7.1024733,22.397675,5.854456,7.957409,23.22813,0.6309857,8.334034,19.05366,-1.0411612,5.5274367,12.2681,0.33235973,happy
2.0,-0.10074713,0.11701698,1.0,0.14848451,0.037862033,0.23152596,0.058933016,0.039651537698412696,0.024706543964181288,0.095703125,0.039651537698412696,1239.0210320633576,275.0835966942853,2319.921285747835,833.951649263729,2435.5158730158732,698.5632003526497,5046.875,1218.75,1375.7301061750752,283.79695922348225,2279.527934317802,965.7541997013298,-130.90372,53.49276,-30.869738,115.15381,25.176716,153.24335,-31.621464,24.204023,15.754561,25.173649,21.946455,68.787766,-12.844608,10.934388,5.6155376,-8.187578,16.343826,35.93685,-9.245021,9.005897,12.942373,3.278854,9.448931,29.564013,-0.7855609,10.800214,23.242172,4.2178936,5.7891498,15.967219,0.60411584,10.333482,23.957766,-1.5861646,7.428027,10.51885,0.1658837,5.3128138,11.358669,0.40900004,happy
3.0,-6.9355534e-05,0.17288755,1.0,0.1608816,0.060420822,0.3025023,0.008507349,0.06856715425531915,0.02843770533126596,0.15625,0.06856715425531915,1249.753709371051,399.91464580022136,2307.241289363354,636.790816179168,2469.0824468085107,1007.3155852804027,4890.625,718.75,1312.025640512672,260.46015270749547,2241.9591793488044,825.4169152223029,-158.89517,75.38623,-30.19898,118.980576,30.546911,186.16367,-8.119561,30.37312,58.67918,38.631573,21.739157,80.75847,-35.493004,16.751085,13.919424,-4.9746737,12.663847,20.08888,-12.241893,12.8174095,17.99479,3.5520089,10.1133585,28.700867,-2.6465766,9.297396,20.225927,1.4381993,9.245705,30.983475,-0.3794594,10.003996,25.962894,-7.74671,10.3611355,17.219965,6.2422886,8.452206,22.679047,0.24535894,happy
3.0,0.00017651303,0.15625486,1.0,0.14549038,0.054597918,0.30586404,0.05915752,0.08766206781914894,0.03508408100613435,0.21337890625,0.08766206781914894,1498.597544205024,442.3703139956918,2320.817273185369,632.5827162742141,2951.628989361702,1059.1612885707373,4375.0,742.1875,1421.8614203425734,178.36712688922614,1946.6705536527459,926.0654200510036,-153.81712,57.956573,-19.283133,104.949165,29.601236,157.01575,-11.566283,26.42534,44.431858,40.823433,25.418983,89.93968,-44.778625,19.226236,-1.2540144,7.2254124,13.543104,47.28443,-22.834623,14.189358,13.265268,6.81146,11.014156,39.092606,-0.5151938,10.944823,23.538239,6.0625024,8.050664,21.997454,2.6311686,10.178851,23.71267,-6.6389837,8.935628,16.573692,4.4491086,10.369324,28.245163,0.21925594,happy
2.0,-0.03367269,0.35444906,1.0,0.33456066,0.10675749,0.6025069,0.06999006,0.10120597718253968,0.06676965469450274,0.31201171875,0.10120597718253968,1326.1639973187678,541.2329455715504,3354.654572027464,751.6987916910142,2705.9771825396824,1323.9776087588266,5742.1875,976.5625,1363.9574063989362,380.18274096660036,2345.766299408182,850.5849594133047,-91.37927,57.826077,16.071272,116.46494,28.946537,177.1574,-20.279116,21.560982,24.575783,29.884161,22.567593,79.11123,-32.91181,13.843711,-6.4989777,-6.500673,10.905425,15.56955,-26.865078,13.034485,-3.0655646,8.199893,12.416117,35.36599,-18.119818,14.223246,10.791946,6.686306,9.95268,32.911293,-11.817424,10.060278,9.850449,-3.5928504,10.683901,23.579296,-1.1350648,10.396952,20.574444,0.21184023,neutral
2.0,-0.000110184206,0.18728735,1.0,0.17478923,0.06415934,0.27994677,0.017346598,0.09816003224206349,0.04111947641691294,0.220703125,0.09816003224206349,1643.6524884208543,387.8849049988773,2449.7481684928107,755.412944361037,3300.843253968254,810.8682210653329,4796.875,773.4375,1569.4891497233261,185.15837589088704,2038.417040498351,1082.644006764146,-114.486305,60.582653,22.053408,81.59491,25.88045,131.26416,-14.789518,24.351683,31.839157,20.475739,21.146904,68.82445,-27.366913,13.148097,0.7347726,-5.948252,16.405973,24.229275,-14.688583,12.971698,14.745102,-2.181466,10.112042,16.296598,-4.836221,15.273308,30.943308,-9.252644,14.039833,18.402927,-9.484783,9.793501,11.764679,-3.4167824,14.558836,31.87313,18.725145,19.386383,57.769657,0.2399826,happy
2.0,-0.13873817,0.14962392,1.0,0.19640774,0.04991657,0.31385037,0.1303432,0.043201264880952384,0.03193090551155445,0.11767578125,0.043201264880952384,1423.4362713667308,363.2992821191003,2417.4581442574154,837.1252677415748,2883.8045634920636,924.1301236449787,6335.9375,1367.1875,1573.9943256930626,315.89442634747286,2739.4054762519027,1056.8067812889633,-113.760254,65.00593,-14.979595,93.06528,21.792046,142.2038,-23.622654,28.383406,38.05564,20.675592,21.708303,55.978004,-7.686282,12.274985,19.281887,-13.986336,12.845764,12.47953,-4.344232,9.26118,21.58939,7.2527905,8.858637,24.67847,-1.8710363,9.06161,15.535494,7.058517,6.8030343,23.604683,5.212851,9.1671095,24.998049,4.552226,5.593914,20.144764,-3.178707,6.7451077,15.731796,0.33297306,happy
3.0,-0.120689504,0.20538545,1.0,0.23048294,0.057075717,0.3398596,0.102425404,0.04931640625,0.02499648130287616,0.1103515625,0.04931640625,1244.8215333594644,357.46877503933723,2671.308628972167,661.8094802991212,2572.1409574468084,1120.7610659055517,6484.375,968.75,1457.3238348642979,385.22283828207117,2820.219323998929,895.1364303930218,-96.21324,41.309113,-4.207941,113.0392,24.789856,159.21338,-14.853139,25.354235,54.959602,19.368708,19.01128,63.984253,-20.167637,17.768526,16.130714,-9.4649935,15.987091,46.65381,-3.8061128,8.868897,10.908495,-3.2645156,9.614935,19.371805,-7.635267,10.052269,18.149042,3.8196106,6.340774,19.012768,2.350732,10.043093,25.41629,-2.0830085,9.408212,25.434452,1.0721477,8.966033,26.849558,0.2691488,happy
3.0,-0.10682207,0.22693707,1.0,0.22828406,0.10018109,0.41662085,0.08948038,0.041410405585106384,0.045099450627296964,0.22216796875,0.041410405585106384,1447.2440369107878,826.9359022202665,4613.798752761136,629.3379384517979,3127.3271276595747,1495.374033434158,7039.0625,1085.9375,1731.0669522924816,380.31407973396347,2714.57094636817,1137.5025424014764,-127.66773,81.81636,4.230219,87.84085,35.441017,153.30305,17.027636,24.623295,79.27032,31.096588,18.368986,88.73861,-7.3389225,17.388447,29.177402,-4.5548143,14.622167,22.501184,-8.881638,15.296067,21.35213,-3.7669392,14.95158,22.412004,-1.6748244,11.242083,28.205585,-4.3408966,8.803034,12.140768,0.16474275,7.927558,21.78728,-2.4897943,6.611613,13.145341,-0.13101023,7.736996,20.331562,0.3198386,sad
2.0,-1.2458898e-05,0.115549065,1.0,0.09419978,0.06587346,0.28828037,0.006547362,0.1091579861111111,0.04284887088242622,0.2373046875,0.1091579861111111,1648.1679981862271,341.17897268514383,3001.1565269940857,1136.4906271520183,3297.8670634920636,960.1739853559217,6218.75,1375.0,1551.6815395036538,313.378701045004,2534.145807356409,975.4368962271485,-201.801,50.627937,-109.35749,88.52039,19.215889,128.78226,-20.501835,28.434992,42.05941,25.711977,20.797262,61.39405,-29.910036,14.645218,-0.3803783,2.4401171,13.876581,35.207172,-16.217167,15.262265,9.469464,3.0815363,8.426045,19.116474,-3.7003074,12.60303,24.53404,-5.811555,9.9744215,19.374401,-6.3946266,7.8797307,8.9101925,-20.128942,10.052325,-1.4239078,-8.840719,7.4123135,7.5300136,0.2537105,happy
3.0,-0.09819658,0.113166556,1.0,0.14529248,0.03404931,0.22637099,0.08450086,0.03938975232712766,0.027857935856404118,0.1142578125,0.03938975232712766,1328.6752860342328,313.7558496827589,2401.386324904365,858.6571244730977,2673.371010638298,971.5438039615095,5703.125,1140.625,1452.6742001372397,345.07717189136366,2380.6535984157176,929.6965258563256,-129.50395,46.000866,-25.363436,107.997475,24.490236,154.01694,-32.746372,26.49269,15.306061,14.367845,19.206915,58.540546,-13.73706,12.366187,12.403823,-0.020635687,14.341765,27.286457,-8.693171,8.944944,10.4689455,2.9360774,8.91025,18.98108,3.5016856,8.754947,24.25367,7.4744563,8.207035,27.744991,3.8111115,7.37993,21.944386,0.6088171,6.5555196,15.218784,-1.395866,6.4827394,10.187685,0.36797208,happy
3.0,-0.119134784,0.23307855,1.0,0.25346735,0.05555237,0.33984932,0.14104018,0.05951317320478723,0.021832635128569824,0.12646484375,0.05951317320478723,1234.4848657222112,281.38849943182873,1861.988449438885,753.8742659031227,2460.0232712765956,790.1585305007734,4523.4375,929.6875,1380.20404379053,232.78798431429203,2190.1336203981145,972.2262362190295,-73.01663,37.711655,9.383168,115.49031,22.804752,155.32336,-20.962858,20.866758,32.660534,19.893139,18.835306,58.18412,-26.355984,12.051924,1.7443604,-3.7976108,13.020078,34.53361,-15.78828,9.232743,4.104427,0.072780795,8.170115,17.342825,3.965771,12.247975,34.16388,0.845777,7.576192,22.485046,2.001681,9.502152,24.332884,-2.3418558,5.940836,8.665507,2.744236,5.452154,13.228411,0.23912539,happy
3.0,-2.3314817e-05,0.25251582,1.0,0.2429128,0.06435674,0.3536442,0.07711007,0.08988011136968085,0.035113820066670694,0.20849609375,0.08988011136968085,1532.67829918598,368.8131778393887,3104.046454384059,782.5109570272338,3211.2699468085107,835.7836242454814,5414.0625,906.25,1458.396006890956,198.70168654687126,2275.9456682803716,1086.0708594319453,-80.00847,45.704124,18.71245,100.58678,21.975002,153.77133,-21.519468,22.256277,55.126778,38.992317,31.934967,97.894,-28.959791,14.596892,11.744888,2.2812107,16.606588,39.408485,-20.698618,13.730313,19.525867,10.638482,9.869727,33.16752,-1.3915399,14.541884,28.218567,6.6780915,8.8914175,28.172523,5.602295,9.954023,31.250837,-15.348055,7.7730227,2.3039432,7.564372,10.511253,30.353159,0.22871764,happy
3.0,3.2430053e-05,0.15007195,1.0,0.13450974,0.064718746,0.25560346,0.023522526,0.07362657912234043,0.030293360354800628,0.1396484375,0.07362657912234043,1405.2033582260776,420.08066209352876,2719.904936713806,586.3975069087489,2796.875,1053.06649957474,5398.4375,640.625,1468.9005330614034,203.0272146485633,2336.573633629581,976.7731031470022,-181.72476,86.29713,-5.420475,106.07075,26.457008,165.13596,-3.433556,33.168407,58.763123,49.597637,31.442232,95.45148,-21.843536,22.950521,46.689613,0.6454915,18.098978,40.0757,-12.030877,12.157472,13.994979,5.3679075,10.037507,32.27305,-7.0437064,15.237841,24.919016,4.2622647,7.986483,21.285559,6.2777886,10.0408945,30.708933,-16.277468,9.950697,6.489359,13.767719,9.195818,34.553223,0.26516062,happy
2.0,0.0003356572,0.20511055,1.0,0.1875523,0.080204874,0.31708103,0.03261612,0.0694211929563492,0.02488471496150823,0.12744140625,0.0694211929563492,1247.123249558399,219.56945604580085,1887.5705718182376,831.5236100353713,2405.6299603174602,688.7098470223971,5664.0625,1195.3125,1469.303634105309,243.21284606313137,2455.5490616874727,1048.0275504185329,-119.5843,87.36495,-0.8518869,116.10611,19.747509,160.19934,-5.3432913,23.410368,46.789577,21.923378,27.627655,82.96151,-2.4232037,15.879513,32.498856,-5.57363,20.395851,36.85489,-3.5189579,15.499982,27.69879,-2.9062889,10.247769,19.376835,6.571308,13.790369,36.939598,3.0079367,9.768582,27.060398,0.4881096,6.5095935,14.69256,-3.6154656,10.316189,22.118046,-6.955477,12.478474,17.32655,0.31593513,happy
3.0,-0.00015891172,0.15747134,1.0,0.14327231,0.06421371,0.28649056,0.01407035,0.10744784740691489,0.051523204073757614,0.30615234375,0.10744784740691489,1765.686933905879,573.0153876009002,4120.287927594782,825.1815267663183,3577.958776595745,1142.4718741647048,7226.5625,1296.875,1674.4535778563852,358.6508087030525,2857.2108637082047,1110.834704403656,-134.48524,71.94117,-3.51022,83.14534,26.717495,138.80568,-6.4742,30.707216,76.50759,34.78003,17.279015,76.33894,-21.135778,19.710304,35.704773,-14.289412,18.226744,37.240807,-16.05281,11.093648,15.184357,0.5746912,11.927071,42.848442,0.17556949,13.177648,30.13536,-0.96045095,11.213691,27.278162,-1.8911631,10.669537,23.155125,-6.5830956,16.98304,31.541273,8.482704,15.702098,58.744457,0.2794841,happy
2.0,-0.00013791144,0.25480974,1.0,0.22239098,0.11966715,0.5472824,0.016171698,0.06220548115079365,0.041392060841760524,0.232421875,0.06220548115079365,1216.6832243010058,363.5796558806418,2867.0228547504694,440.22733857711796,2641.2450396825398,1051.8073195401296,6796.875,507.8125,1458.108750124907,312.1531045459381,2874.7678084149043,723.1317718418651,-166.74521,85.04945,-51.52366,109.15171,24.792734,153.82407,7.3458037,31.016802,78.15273,43.86425,25.3282,84.21423,-13.692327,21.762842,27.95855,-0.8459186,17.37982,37.702038,-14.803537,16.149399,16.52371,0.7296813,8.833688,19.105896,-11.832799,12.500572,12.90695,3.5947478,8.026754,19.403736,-2.6555443,9.359953,24.951324,-17.087538,11.790188,5.6266413,8.095967,10.388168,34.354134,0.2290331,happy
2.0,-0.00029733323,0.1919979,1.0,0.18378288,0.05166728,0.29223606,0.08096616,0.10613529265873016,0.060769997040428264,0.330078125,0.10613529265873016,1702.6737040613498,532.5750905304699,3807.2113675568553,814.8930712410106,3400.6696428571427,1071.621412250623,6218.75,1156.25,1605.5254605975647,272.9030762886395,2409.856029791953,1165.4902974567678,-118.01283,56.178123,-11.9159,80.89015,34.01537,146.56479,-7.9386206,28.18319,79.42255,34.496887,23.243256,78.75757,-22.798552,17.837925,20.763777,-6.0118365,15.224323,21.79557,-20.2469,8.779606,-0.7381944,1.7366961,8.23357,21.094046,-5.3258157,11.2890215,18.953548,-4.550345,10.272179,20.170582,-0.6588086,10.126199,19.070328,-9.70357,14.043944,22.316727,13.687556,15.407496,43.26867,0.20753503,happy
2.0,-0.1106317,0.16321383,1.0,0.19198804,0.037697636,0.25192997,0.071949415,0.04842509920634921,0.024034836796335182,0.11328125,0.04842509920634921,1229.0099585751732,273.3331535390426,1815.3449887640118,705.8596069009195,2378.720238095238,877.9301592049394,4929.6875,789.0625,1345.251802118748,305.5526501859288,2308.699078243421,932.3083248735544,-104.32731,47.06513,-9.351643,119.03313,22.368706,155.80618,-31.727882,29.852098,27.284586,19.120932,24.023064,64.791504,-16.272852,12.738878,11.689775,-5.0427194,11.923395,19.859379,-8.678178,9.175152,11.678135,0.35908684,9.044518,22.906788,1.6293905,9.375251,16.525656,6.755165,7.178214,24.431786,2.8084214,5.281939,14.49431,-4.2341895,5.4677815,7.279614,-1.0337343,5.5654263,13.465074,0.2737336,happy
